Date,Units,NAV,Amount,fundcode,fundname
30-10-2025,190.152,52.59,10000.0,147946,Bandhan Small Cap Fund
05-11-2025,576.218,52.06,30000.0,147946,Bandhan Small Cap Fund
11-12-2025,397.76,50.279,20000.0,147946,Bandhan Small Cap Fund
25-03-2022,74.701,66.93,5000.0,125354,Axis Small Cap Fund
07-04-2022,71.856,69.58,5000.0,125354,Axis Small Cap Fund
17-05-2022,78.798,63.45,5000.0,125354,Axis Small Cap Fund
16-06-2022,81.642,61.24,5000.0,125354,Axis Small Cap Fund
15-07-2022,78.182,63.95,5000.0,125354,Axis Small Cap Fund
17-08-2022,71.846,69.59,5000.0,125354,Axis Small Cap Fund
16-09-2022,13.915,71.86,1000.0,125354,Axis Small Cap Fund
03-11-2022,70.005,71.42,5000.0,125354,Axis Small Cap Fund
13-12-2022,13.707,72.95,1000.0,125354,Axis Small Cap Fund
05-01-2023,69.868,71.56,5000.0,125354,Axis Small Cap Fund
06-02-2023,69.907,71.52,5000.0,125354,Axis Small Cap Fund
08-03-2023,70.429,70.99,5000.0,125354,Axis Small Cap Fund
06-04-2023,71.282,70.14,5000.0,125354,Axis Small Cap Fund
08-05-2023,67.747,73.8,5000.0,125354,Axis Small Cap Fund
06-06-2023,63.57,78.65,5000.0,125354,Axis Small Cap Fund
06-07-2023,60.95,82.03,5000.0,125354,Axis Small Cap Fund
07-08-2023,59.464,84.08,5000.0,125354,Axis Small Cap Fund
06-09-2023,56.642,88.27,5000.0,125354,Axis Small Cap Fund
09-10-2023,57.153,87.48,5000.0,125354,Axis Small Cap Fund
07-11-2023,55.534,90.03,5000.0,125354,Axis Small Cap Fund
06-12-2023,52.507,95.22,5000.0,125354,Axis Small Cap Fund
08-01-2024,51.316,97.43,5000.0,125354,Axis Small Cap Fund
07-02-2024,87.972,102.3,9000.0,125354,Axis Small Cap Fund
 12-01-2022,82.981,120.5,10000.0,125497,SBI Small Cap Fund
 15-02-2022,89.054,112.29,10000.0,125497,SBI Small Cap Fund
 15-03-2022,90.255,110.79,10000.0,125497,SBI Small Cap Fund
 18-04-2022,85.46,117.01,10000.0,125497,SBI Small Cap Fund
 17-05-2022,90.483,110.51,10000.0,125497,SBI Small Cap Fund
 16-06-2022,94.481,105.84,10000.0,125497,SBI Small Cap Fund
 15-07-2022,89.925,111.2,10000.0,125497,SBI Small Cap Fund
 17-08-2022,81.495,122.7,10000.0,125497,SBI Small Cap Fund
 03-11-2022,77.857,128.43,10000.0,125497,SBI Small Cap Fund
 05-12-2022,76.308,131.04,10000.0,125497,SBI Small Cap Fund
 03-01-2023,78.302,127.7,10000.0,125497,SBI Small Cap Fund
 03-02-2023,80.453,124.29,10000.0,125497,SBI Small Cap Fund
 03-03-2023,80.675,123.95,10000.0,125497,SBI Small Cap Fund
 03-04-2023,81.878,122.13,10000.0,125497,SBI Small Cap Fund
 03-05-2023,78.432,127.49,10000.0,125497,SBI Small Cap Fund
 06-06-2023,74.861,133.57,10000.0,125497,SBI Small Cap Fund
 03-07-2023,72.108,138.67,10000.0,125497,SBI Small Cap Fund
 03-08-2023,68.924,145.08,10000.0,125497,SBI Small Cap Fund
 04-09-2023,65.971,151.57,10000.0,125497,SBI Small Cap Fund
 03-10-2023,65.903,151.73,10000.0,125497,SBI Small Cap Fund
 06-11-2023,66.845,149.59,10000.0,125497,SBI Small Cap Fund
 04-12-2023,62.965,158.81,10000.0,125497,SBI Small Cap Fund
 03-01-2024,61.685,162.11,10000.0,125497,SBI Small Cap Fund
 05-02-2024,60.309,165.8,10000.0,125497,SBI Small Cap Fund
 04-03-2024,58.133,172.01,10000.0,125497,SBI Small Cap Fund
 03-04-2024,57.57,173.69,10000.0,125497,SBI Small Cap Fund
30-03-2022,36.6,136.61,5000.0,120828,quant Small Cap Fund
06-04-2022,34.094,146.64,5000.0,120828,quant Small Cap Fund
17-05-2022,39.179,127.61,5000.0,120828,quant Small Cap Fund
16-06-2022,42.4,117.92,5000.0,120828,quant Small Cap Fund
15-07-2022,40.069,124.78,5000.0,120828,quant Small Cap Fund
17-08-2022,36.778,135.94,5000.0,120828,quant Small Cap Fund
16-09-2022,6.994,142.97,1000.0,120828,quant Small Cap Fund
03-11-2022,6.929,144.31,1000.0,120828,quant Small Cap Fund
12-12-2022,6.452,154.98,1000.0,120828,quant Small Cap Fund
05-01-2023,6.454,154.94,1000.0,120828,quant Small Cap Fund
06-02-2023,66.62,150.1,10000.0,120828,quant Small Cap Fund
06-03-2023,65.6,152.43,10000.0,120828,quant Small Cap Fund
06-04-2023,66.576,150.2,10000.0,120828,quant Small Cap Fund
08-05-2023,62.915,158.94,10000.0,120828,quant Small Cap Fund
06-06-2023,60.338,165.72,10000.0,120828,quant Small Cap Fund
06-07-2023,57.222,174.75,10000.0,120828,quant Small Cap Fund
07-08-2023,53.783,185.92,10000.0,120828,quant Small Cap Fund
06-09-2023,50.724,197.13,10000.0,120828,quant Small Cap Fund
09-10-2023,51.9,192.67,10000.0,120828,quant Small Cap Fund
07-11-2023,51.08,195.76,10000.0,120828,quant Small Cap Fund
06-12-2023,46.086,216.98,10000.0,120828,quant Small Cap Fund
08-01-2024,43.0,232.55,10000.0,120828,quant Small Cap Fund
07-02-2024,38.803,257.7,10000.0,120828,quant Small Cap Fund
22-04-2024,18.928,264.15,5000.0,120828,quant Small Cap Fund
22-04-2024,18.928,264.15,5000.0,120828,quant Small Cap Fund
11-06-2024,17.952,278.5,5000.0,120828,quant Small Cap Fund
20-06-2024,17.325,288.59,5000.0,120828,quant Small Cap Fund
08-07-2024,16.928,295.35,5000.0,120828,quant Small Cap Fund
22-07-2024,17.184,290.95,5000.0,120828,quant Small Cap Fund
08-08-2024,17.2,290.69,5000.0,120828,quant Small Cap Fund
20-08-2024,16.802,297.57,5000.0,120828,quant Small Cap Fund
09-09-2024,16.583,301.5,5000.0,120828,quant Small Cap Fund
11-09-2024,3.309,302.17,1000.0,120828,quant Small Cap Fund
20-09-2024,16.493,303.15,5000.0,120828,quant Small Cap Fund
08-10-2024,16.925,295.4,5000.0,120828,quant Small Cap Fund
22-10-2024,17.629,283.61,5000.0,120828,quant Small Cap Fund
08-11-2024,17.225,290.26,5000.0,120828,quant Small Cap Fund
21-11-2024,18.196,274.77,5000.0,120828,quant Small Cap Fund
04-12-2024,33.759,296.2,10000.0,120828,quant Small Cap Fund
06-01-2025,35.947,278.17,10000.0,120828,quant Small Cap Fund
30-01-2025,38.984,256.51,10000.0,120828,quant Small Cap Fund
03-03-2025,43.162,231.67,10000.0,120828,quant Small Cap Fund
02-04-2025,40.071,249.55,10000.0,120828,quant Small Cap Fund
02-05-2025,39.07,255.94,10000.0,120828,quant Small Cap Fund
02-06-2025,36.632,272.98,10000.0,120828,quant Small Cap Fund
18-07-2025,34.885,286.64,10000.0,120828,quant Small Cap Fund
01-08-2025,36.419,274.57,10000.0,120828,quant Small Cap Fund
01-11-2025,8.353,119.71,1000.0,127042,Motilal Oswal Midcap Fund
05-11-2025,677.739,118.03,80000.0,127042,Motilal Oswal Midcap Fund
11-12-2025,175.532,113.9338,20000.0,127042,Motilal Oswal Midcap Fund
11-12-2025,175.532,113.9338,20000.0,127042,Motilal Oswal Midcap Fund
12-12-2017,1390.833,129.42,180000.0,151034,HSBC Midcap Fund
25-03-2022,64.163,77.92,5000.0,119775,Kotak Midcap Fund
06-04-2022,60.715,82.35,5000.0,119775,Kotak Midcap Fund
17-05-2022,66.124,75.61,5000.0,119775,Kotak Midcap Fund
16-06-2022,69.332,72.11,5000.0,119775,Kotak Midcap Fund
15-07-2022,65.109,76.79,5000.0,119775,Kotak Midcap Fund
17-08-2022,58.626,85.28,5000.0,119775,Kotak Midcap Fund
16-09-2022,11.518,86.82,1000.0,119775,Kotak Midcap Fund
03-11-2022,115.93,86.26,10000.0,119775,Kotak Midcap Fund
13-12-2022,11.389,87.8,1000.0,119775,Kotak Midcap Fund
05-01-2023,11.61,86.13,1000.0,119775,Kotak Midcap Fund
20-02-2023,17.473,85.84,1500.0,119775,Kotak Midcap Fund
10-08-2023,100.341,99.66,10000.0,119775,Kotak Midcap Fund
12-09-2023,96.05,104.11,10000.0,119775,Kotak Midcap Fund
11-10-2023,95.918,104.25,10000.0,119775,Kotak Midcap Fund
13-11-2023,94.582,105.72,10000.0,119775,Kotak Midcap Fund
12-12-2023,90.289,110.75,10000.0,119775,Kotak Midcap Fund
11-01-2024,86.307,115.86,10000.0,119775,Kotak Midcap Fund
12-02-2024,87.921,113.73,10000.0,119775,Kotak Midcap Fund
12-03-2024,86.105,116.13,10000.0,119775,Kotak Midcap Fund
12-04-2024,81.753,122.31,10000.0,119775,Kotak Midcap Fund
28-10-2024,33.497,149.26,5000.0,119775,Kotak Midcap Fund
04-12-2024,51.185,156.29,8000.0,119775,Kotak Midcap Fund
06-01-2025,52.32,152.9,8000.0,119775,Kotak Midcap Fund
30-01-2025,57.414,139.33,8000.0,119775,Kotak Midcap Fund
03-02-2025,3.589,139.3,500.0,119775,Kotak Midcap Fund
03-03-2025,63.263,126.45,8000.0,119775,Kotak Midcap Fund
02-04-2025,58.975,135.64,8000.0,119775,Kotak Midcap Fund
02-05-2025,57.447,139.25,8000.0,119775,Kotak Midcap Fund
02-06-2025,53.408,149.78,8000.0,119775,Kotak Midcap Fund
21-07-2025,62.889,159.0,10000.0,119775,Kotak Midcap Fund
01-08-2025,64.15,155.88,10000.0,119775,Kotak Midcap Fund
08-08-2025,0.647,154.63,100.0,119775,Kotak Midcap Fund
08-11-2023,108.4,184.49,20000.0,120841,quant Mid Cap Fund
11-12-2023,100.48,199.04,20000.0,120841,quant Mid Cap Fund
08-01-2024,96.36,207.54,20000.0,120841,quant Mid Cap Fund
07-02-2024,86.761,230.51,20000.0,120841,quant Mid Cap Fund
13-03-2024,89.996,222.22,20000.0,120841,quant Mid Cap Fund
22-04-2024,4.125,242.43,1000.0,120841,quant Mid Cap Fund
22-04-2024,4.125,242.43,1000.0,120841,quant Mid Cap Fund
22-04-2024,4.125,242.43,1000.0,120841,quant Mid Cap Fund
22-04-2024,4.125,242.43,1000.0,120841,quant Mid Cap Fund
22-04-2024,4.125,242.43,1000.0,120841,quant Mid Cap Fund
22-04-2024,4.125,242.43,1000.0,120841,quant Mid Cap Fund
23-04-2024,4.088,244.59,1000.0,120841,quant Mid Cap Fund
23-04-2024,4.088,244.59,1000.0,120841,quant Mid Cap Fund
23-04-2024,4.088,244.59,1000.0,120841,quant Mid Cap Fund
23-04-2024,4.088,244.59,1000.0,120841,quant Mid Cap Fund
04-06-2024,4.063,246.11,1000.0,120841,quant Mid Cap Fund
06-06-2024,3.837,260.59,1000.0,120841,quant Mid Cap Fund
11-06-2024,3.746,266.91,1000.0,120841,quant Mid Cap Fund
11-06-2024,3.746,266.91,1000.0,120841,quant Mid Cap Fund
12-06-2024,3.702,270.14,1000.0,120841,quant Mid Cap Fund
14-06-2024,3.666,272.8,1000.0,120841,quant Mid Cap Fund
19-06-2024,3.689,271.09,1000.0,120841,quant Mid Cap Fund
19-06-2024,3.689,271.09,1000.0,120841,quant Mid Cap Fund
20-06-2024,3.662,273.07,1000.0,120841,quant Mid Cap Fund
24-06-2024,3.706,269.84,1000.0,120841,quant Mid Cap Fund
04-07-2024,3.613,276.76,1000.0,120841,quant Mid Cap Fund
08-07-2024,3.601,277.7,1000.0,120841,quant Mid Cap Fund
08-07-2024,3.601,277.7,1000.0,120841,quant Mid Cap Fund
10-07-2024,3.6,277.75,1000.0,120841,quant Mid Cap Fund
12-07-2024,3.593,278.28,1000.0,120841,quant Mid Cap Fund
15-07-2024,3.557,281.11,1000.0,120841,quant Mid Cap Fund
18-07-2024,3.595,278.16,1000.0,120841,quant Mid Cap Fund
18-07-2024,3.595,278.16,1000.0,120841,quant Mid Cap Fund
22-07-2024,3.66,273.18,1000.0,120841,quant Mid Cap Fund
22-07-2024,3.66,273.18,1000.0,120841,quant Mid Cap Fund
05-08-2024,3.766,265.5,1000.0,120841,quant Mid Cap Fund
06-08-2024,3.797,263.32,1000.0,120841,quant Mid Cap Fund
08-08-2024,3.709,269.63,1000.0,120841,quant Mid Cap Fund
13-08-2024,3.75,266.64,1000.0,120841,quant Mid Cap Fund
13-08-2024,3.75,266.64,1000.0,120841,quant Mid Cap Fund
14-08-2024,3.775,264.92,1000.0,120841,quant Mid Cap Fund
16-08-2024,3.73,268.11,1000.0,120841,quant Mid Cap Fund
19-08-2024,3.693,270.75,1000.0,120841,quant Mid Cap Fund
20-08-2024,3.674,272.18,1000.0,120841,quant Mid Cap Fund
22-08-2024,3.647,274.19,1000.0,120841,quant Mid Cap Fund
04-09-2024,3.685,271.39,1000.0,120841,quant Mid Cap Fund
06-09-2024,3.71,269.51,1000.0,120841,quant Mid Cap Fund
09-09-2024,3.721,268.76,1000.0,120841,quant Mid Cap Fund
10-09-2024,3.696,270.53,1000.0,120841,quant Mid Cap Fund
12-09-2024,3.683,271.53,1000.0,120841,quant Mid Cap Fund
16-09-2024,3.657,273.44,1000.0,120841,quant Mid Cap Fund
16-09-2024,3.657,273.44,1000.0,120841,quant Mid Cap Fund
18-09-2024,3.692,270.86,1000.0,120841,quant Mid Cap Fund
20-09-2024,3.697,270.51,1000.0,120841,quant Mid Cap Fund
23-09-2024,3.676,272.04,1000.0,120841,quant Mid Cap Fund
04-10-2024,3.731,268.03,1000.0,120841,quant Mid Cap Fund
07-10-2024,3.816,262.03,1000.0,120841,quant Mid Cap Fund
08-10-2024,3.75,266.62,1000.0,120841,quant Mid Cap Fund
10-10-2024,3.766,265.5,1000.0,120841,quant Mid Cap Fund
14-10-2024,3.746,266.95,1000.0,120841,quant Mid Cap Fund
14-10-2024,3.746,266.95,1000.0,120841,quant Mid Cap Fund
16-10-2024,3.766,265.54,1000.0,120841,quant Mid Cap Fund
18-10-2024,3.798,263.28,1000.0,120841,quant Mid Cap Fund
22-10-2024,3.921,255.0,1000.0,120841,quant Mid Cap Fund
22-10-2024,3.921,255.0,1000.0,120841,quant Mid Cap Fund
11-11-2024,4.032,248.01,1000.0,120841,quant Mid Cap Fund
12-11-2024,4.083,244.9,1000.0,120841,quant Mid Cap Fund
19-11-2024,4.166,240.01,1000.0,120841,quant Mid Cap Fund
21-11-2024,4.225,236.69,1000.0,120841,quant Mid Cap Fund
22-11-2024,4.156,240.63,1000.0,120841,quant Mid Cap Fund
04-12-2024,39.583,252.62,10000.0,120841,quant Mid Cap Fund
06-01-2025,40.797,245.1,10000.0,120841,quant Mid Cap Fund
30-01-2025,42.729,234.02,10000.0,120841,quant Mid Cap Fund
03-03-2025,47.919,208.67,10000.0,120841,quant Mid Cap Fund
02-04-2025,43.577,229.47,10000.0,120841,quant Mid Cap Fund
02-05-2025,42.592,234.77,10000.0,120841,quant Mid Cap Fund
02-06-2025,41.153,242.98,10000.0,120841,quant Mid Cap Fund
18-07-2025,40.639,246.06,10000.0,120841,quant Mid Cap Fund
01-08-2025,42.455,235.53,10000.0,120841,quant Mid Cap Fund
02-02-2024,9670.26,15.51,150000.0,150902,Edelweiss Nifty Midcap150 Momentum 50 Index Fund
02-02-2024,3223.42,15.51,50000.0,150902,Edelweiss Nifty Midcap150 Momentum 50 Index Fund
09-02-2024,9625.58,15.58,150000.0,150902,Edelweiss Nifty Midcap150 Momentum 50 Index Fund
18-03-2024,3319.51,15.06,50000.0,150902,Edelweiss Nifty Midcap150 Momentum 50 Index Fund
18-03-2024,3319.51,15.06,50000.0,150902,Edelweiss Nifty Midcap150 Momentum 50 Index Fund
10-04-2024,3069.44,16.29,50000.0,150902,Edelweiss Nifty Midcap150 Momentum 50 Index Fund
08-05-2024,2967.55,16.85,50000.0,150902,Edelweiss Nifty Midcap150 Momentum 50 Index Fund
13-05-2024,596.373,16.77,10000.0,150902,Edelweiss Nifty Midcap150 Momentum 50 Index Fund
10-06-2024,2209.98,18.1,40000.0,150902,Edelweiss Nifty Midcap150 Momentum 50 Index Fund
07-10-2024,1053.66,18.98,20000.0,150902,Edelweiss Nifty Midcap150 Momentum 50 Index Fund
13-11-2024,1106.81,18.07,20000.0,150902,Edelweiss Nifty Midcap150 Momentum 50 Index Fund
03-03-2025,662.873,15.09,10000.0,150902,Edelweiss Nifty Midcap150 Momentum 50 Index Fund
23-04-2021,122.303,40.88,5000.0,122639,Parag Parikh Flexi Cap Fund
15-06-2021,111.683,44.77,5000.0,122639,Parag Parikh Flexi Cap Fund
16-07-2021,104.235,47.97,5000.0,122639,Parag Parikh Flexi Cap Fund
17-08-2021,102.207,48.92,5000.0,122639,Parag Parikh Flexi Cap Fund
15-09-2021,95.76,52.21,5000.0,122639,Parag Parikh Flexi Cap Fund
18-10-2021,90.676,55.14,5000.0,122639,Parag Parikh Flexi Cap Fund
15-11-2021,90.515,55.24,5000.0,122639,Parag Parikh Flexi Cap Fund
15-12-2021,91.822,54.45,5000.0,122639,Parag Parikh Flexi Cap Fund
17-01-2022,91.246,54.79,5000.0,122639,Parag Parikh Flexi Cap Fund
15-02-2022,96.503,51.81,5000.0,122639,Parag Parikh Flexi Cap Fund
15-03-2022,101.087,49.46,5000.0,122639,Parag Parikh Flexi Cap Fund
18-04-2022,96.769,51.67,5000.0,122639,Parag Parikh Flexi Cap Fund
17-05-2022,103.486,48.31,5000.0,122639,Parag Parikh Flexi Cap Fund
16-06-2022,108.563,46.05,5000.0,122639,Parag Parikh Flexi Cap Fund
15-07-2022,104.946,47.64,5000.0,122639,Parag Parikh Flexi Cap Fund
17-08-2022,94.852,52.71,5000.0,122639,Parag Parikh Flexi Cap Fund
16-09-2022,19.336,51.71,1000.0,122639,Parag Parikh Flexi Cap Fund
03-11-2022,38.975,51.31,2000.0,122639,Parag Parikh Flexi Cap Fund
05-01-2023,19.638,50.92,1000.0,122639,Parag Parikh Flexi Cap Fund
06-02-2023,93.835,53.28,5000.0,122639,Parag Parikh Flexi Cap Fund
06-03-2023,94.112,53.13,5000.0,122639,Parag Parikh Flexi Cap Fund
06-04-2023,92.908,53.81,5000.0,122639,Parag Parikh Flexi Cap Fund
08-05-2023,89.004,56.17,5000.0,122639,Parag Parikh Flexi Cap Fund
06-06-2023,85.443,58.52,5000.0,122639,Parag Parikh Flexi Cap Fund
06-07-2023,82.637,60.5,5000.0,122639,Parag Parikh Flexi Cap Fund
07-08-2023,81.495,61.35,5000.0,122639,Parag Parikh Flexi Cap Fund
06-09-2023,80.16,62.37,5000.0,122639,Parag Parikh Flexi Cap Fund
09-10-2023,79.872,62.6,5000.0,122639,Parag Parikh Flexi Cap Fund
07-11-2023,77.773,64.29,5000.0,122639,Parag Parikh Flexi Cap Fund
01-12-2023,74.424,67.18,5000.0,122639,Parag Parikh Flexi Cap Fund
06-12-2023,73.108,68.39,5000.0,122639,Parag Parikh Flexi Cap Fund
08-01-2024,71.078,70.34,5000.0,122639,Parag Parikh Flexi Cap Fund
10-01-2024,70.629,70.79,5000.0,122639,Parag Parikh Flexi Cap Fund
06-02-2024,67.489,74.08,5000.0,122639,Parag Parikh Flexi Cap Fund
12-02-2024,68.047,73.47,5000.0,122639,Parag Parikh Flexi Cap Fund
06-03-2024,66.375,75.33,5000.0,122639,Parag Parikh Flexi Cap Fund
12-03-2024,66.802,74.84,5000.0,122639,Parag Parikh Flexi Cap Fund
08-04-2024,65.161,76.73,5000.0,122639,Parag Parikh Flexi Cap Fund
10-04-2024,64.724,77.25,5000.0,122639,Parag Parikh Flexi Cap Fund
07-05-2024,64.714,77.26,5000.0,122639,Parag Parikh Flexi Cap Fund
10-05-2024,65.101,76.8,5000.0,122639,Parag Parikh Flexi Cap Fund
06-06-2024,63.436,78.82,5000.0,122639,Parag Parikh Flexi Cap Fund
11-06-2024,62.296,80.26,5000.0,122639,Parag Parikh Flexi Cap Fund
08-07-2024,59.536,83.98,5000.0,122639,Parag Parikh Flexi Cap Fund
10-07-2024,59.381,84.2,5000.0,122639,Parag Parikh Flexi Cap Fund
06-08-2024,60.835,82.19,5000.0,122639,Parag Parikh Flexi Cap Fund
13-08-2024,60.163,83.1,5000.0,122639,Parag Parikh Flexi Cap Fund
06-09-2024,58.724,85.14,5000.0,122639,Parag Parikh Flexi Cap Fund
10-09-2024,58.374,85.65,5000.0,122639,Parag Parikh Flexi Cap Fund
07-10-2024,58.153,85.98,5000.0,122639,Parag Parikh Flexi Cap Fund
10-10-2024,57.186,87.43,5000.0,122639,Parag Parikh Flexi Cap Fund
06-11-2024,57.412,87.08,5000.0,122639,Parag Parikh Flexi Cap Fund
11-11-2024,57.295,87.26,5000.0,122639,Parag Parikh Flexi Cap Fund
04-12-2024,113.817,87.86,10000.0,122639,Parag Parikh Flexi Cap Fund
06-01-2025,114.481,87.35,10000.0,122639,Parag Parikh Flexi Cap Fund
30-01-2025,115.662,86.45,10000.0,122639,Parag Parikh Flexi Cap Fund
03-03-2025,120.634,82.89,10000.0,122639,Parag Parikh Flexi Cap Fund
02-04-2025,117.481,85.12,10000.0,122639,Parag Parikh Flexi Cap Fund
02-05-2025,113.65,87.98,10000.0,122639,Parag Parikh Flexi Cap Fund
02-06-2025,111.127,89.98,10000.0,122639,Parag Parikh Flexi Cap Fund
09-07-2025,107.818,92.74,10000.0,122639,Parag Parikh Flexi Cap Fund
01-08-2025,109.487,91.33,10000.0,122639,Parag Parikh Flexi Cap Fund
06-11-2025,426.530177,93.78,40000.0,122639,Parag Parikh Flexi Cap Fund
11-12-2025,52.776,94.735,5000.0,122639,Parag Parikh Flexi Cap Fund
11-12-2025,211.11,94.735,20000.0,122639,Parag Parikh Flexi Cap Fund
04-04-2019,10720.94,33.58,360000.0,112090,Kotak Flexicap Fund
01-11-2025,95.37,104.85,10000.0,118632,Nippon India Large Cap Fund
05-11-2025,771.653,103.67,80000.0,118632,Nippon India Large Cap Fund
11-12-2025,286.631,104.659,30000.0,118632,Nippon India Large Cap Fund
24-03-2022,24.422,102.36,2500.0,118834,Mirae Asset Large & Midcap Fund
17-05-2022,25.752,97.08,2500.0,118834,Mirae Asset Large & Midcap Fund
16-06-2022,27.112,92.21,2500.0,118834,Mirae Asset Large & Midcap Fund
15-07-2022,25.581,97.73,2500.0,118834,Mirae Asset Large & Midcap Fund
18-08-2022,23.307,107.26,2500.0,118834,Mirae Asset Large & Midcap Fund
15-09-2022,23.166,107.91,2500.0,118834,Mirae Asset Large & Midcap Fund
17-10-2022,24.306,102.85,2500.0,118834,Mirae Asset Large & Midcap Fund
15-11-2022,23.272,107.42,2500.0,118834,Mirae Asset Large & Midcap Fund
15-12-2022,23.0,108.69,2500.0,118834,Mirae Asset Large & Midcap Fund
16-01-2023,23.59,105.97,2500.0,118834,Mirae Asset Large & Midcap Fund
15-02-2023,23.904,104.58,2500.0,118834,Mirae Asset Large & Midcap Fund
15-03-2023,24.847,100.61,2500.0,118834,Mirae Asset Large & Midcap Fund
18-04-2023,24.009,104.12,2500.0,118834,Mirae Asset Large & Midcap Fund
16-05-2023,23.104,108.2,2500.0,118834,Mirae Asset Large & Midcap Fund
16-06-2023,22.177,112.72,2500.0,118834,Mirae Asset Large & Midcap Fund
18-07-2023,21.161,118.14,2500.0,118834,Mirae Asset Large & Midcap Fund
17-08-2023,20.813,120.11,2500.0,118834,Mirae Asset Large & Midcap Fund
15-09-2023,19.596,127.57,2500.0,118834,Mirae Asset Large & Midcap Fund
17-10-2023,19.821,126.12,2500.0,118834,Mirae Asset Large & Midcap Fund
15-11-2023,19.886,125.71,2500.0,118834,Mirae Asset Large & Midcap Fund
01-12-2023,76.605,130.53,10000.0,118834,Mirae Asset Large & Midcap Fund
01-01-2024,71.826,139.22,10000.0,118834,Mirae Asset Large & Midcap Fund
01-02-2024,70.487,141.86,10000.0,118834,Mirae Asset Large & Midcap Fund
01-03-2024,68.805,145.33,10000.0,118834,Mirae Asset Large & Midcap Fund
18-03-2024,17.843,140.1,2500.0,118834,Mirae Asset Large & Midcap Fund
02-04-2024,68.489,146.0,10000.0,118834,Mirae Asset Large & Midcap Fund
16-04-2024,17.121,146.01,2500.0,118834,Mirae Asset Large & Midcap Fund
02-05-2024,66.784,149.73,10000.0,118834,Mirae Asset Large & Midcap Fund
15-05-2024,16.801,148.8,2500.0,118834,Mirae Asset Large & Midcap Fund
03-06-2024,64.423,155.22,10000.0,118834,Mirae Asset Large & Midcap Fund
19-06-2024,15.687,159.36,2500.0,118834,Mirae Asset Large & Midcap Fund
01-07-2024,61.277,163.19,10000.0,118834,Mirae Asset Large & Midcap Fund
15-07-2024,14.983,166.85,2500.0,118834,Mirae Asset Large & Midcap Fund
01-08-2024,58.809,170.03,10000.0,118834,Mirae Asset Large & Midcap Fund
16-08-2024,15.011,166.54,2500.0,118834,Mirae Asset Large & Midcap Fund
02-09-2024,58.209,171.79,10000.0,118834,Mirae Asset Large & Midcap Fund
16-09-2024,14.486,172.57,2500.0,118834,Mirae Asset Large & Midcap Fund
01-10-2024,57.361,174.33,10000.0,118834,Mirae Asset Large & Midcap Fund
15-10-2024,14.726,169.75,2500.0,118834,Mirae Asset Large & Midcap Fund
04-11-2024,61.928,161.47,10000.0,118834,Mirae Asset Large & Midcap Fund
19-11-2024,15.811,158.12,2500.0,118834,Mirae Asset Large & Midcap Fund
02-12-2024,60.575,165.08,10000.0,118834,Mirae Asset Large & Midcap Fund
16-12-2024,14.752,169.46,2500.0,118834,Mirae Asset Large & Midcap Fund
01-01-2025,61.564,162.43,10000.0,118834,Mirae Asset Large & Midcap Fund
15-01-2025,16.191,154.4,2500.0,118834,Mirae Asset Large & Midcap Fund
03-02-2025,65.691,152.22,10000.0,118834,Mirae Asset Large & Midcap Fund
17-02-2025,17.091,146.27,2500.0,118834,Mirae Asset Large & Midcap Fund
03-03-2025,70.659,141.52,10000.0,118834,Mirae Asset Large & Midcap Fund
17-03-2025,17.301,144.5,2500.0,118834,Mirae Asset Large & Midcap Fund
02-04-2025,65.737,152.11,10000.0,118834,Mirae Asset Large & Midcap Fund
15-04-2025,16.52,151.32,2500.0,118834,Mirae Asset Large & Midcap Fund
02-05-2025,63.793,156.75,10000.0,118834,Mirae Asset Large & Midcap Fund
15-05-2025,15.345,162.91,2500.0,118834,Mirae Asset Large & Midcap Fund
02-06-2025,60.935,164.1,10000.0,118834,Mirae Asset Large & Midcap Fund
16-06-2025,14.953,167.19,2500.0,118834,Mirae Asset Large & Midcap Fund
01-07-2025,58.575,170.71,10000.0,118834,Mirae Asset Large & Midcap Fund
15-07-2025,14.609,171.12,2500.0,118834,Mirae Asset Large & Midcap Fund
04-08-2025,59.966,166.75,10000.0,118834,Mirae Asset Large & Midcap Fund
01-09-2025,59.912,166.9,10000.0,118834,Mirae Asset Large & Midcap Fund
01-10-2025,59.045,169.36,10000.0,118834,Mirae Asset Large & Midcap Fund
03-11-2025,56.401,177.29,10000.0,118834,Mirae Asset Large & Midcap Fund
04-09-2023,470.877,21.24,10000.0,143903,ICICI Pru BHARAT 22 FOF
04-09-2023,47.088,21.24,1000.0,143903,ICICI Pru BHARAT 22 FOF
04-10-2023,456.579,21.9,10000.0,143903,ICICI Pru BHARAT 22 FOF
04-10-2023,45.658,21.9,1000.0,143903,ICICI Pru BHARAT 22 FOF
07-11-2023,44.801,22.32,1000.0,143903,ICICI Pru BHARAT 22 FOF
07-11-2023,448.014,22.32,10000.0,143903,ICICI Pru BHARAT 22 FOF
04-12-2023,405.995,24.63,10000.0,143903,ICICI Pru BHARAT 22 FOF
04-12-2023,40.6,24.63,1000.0,143903,ICICI Pru BHARAT 22 FOF
04-01-2024,36.879,27.11,1000.0,143903,ICICI Pru BHARAT 22 FOF
04-01-2024,368.789,27.11,10000.0,143903,ICICI Pru BHARAT 22 FOF
29-01-2024,53.046,28.28,1500.0,143903,ICICI Pru BHARAT 22 FOF
06-02-2024,374.545,29.37,11000.0,143903,ICICI Pru BHARAT 22 FOF
13-03-2024,385.028,28.57,11000.0,143903,ICICI Pru BHARAT 22 FOF
07-05-2024,327.343,30.55,10000.0,143903,ICICI Pru BHARAT 22 FOF
07-05-2024,32.734,30.55,1000.0,143903,ICICI Pru BHARAT 22 FOF
04-06-2024,33.057,30.25,1000.0,143903,ICICI Pru BHARAT 22 FOF
04-06-2024,330.571,30.25,10000.0,143903,ICICI Pru BHARAT 22 FOF
04-07-2024,302.355,33.07,10000.0,143903,ICICI Pru BHARAT 22 FOF
04-07-2024,30.235,33.07,1000.0,143903,ICICI Pru BHARAT 22 FOF
05-08-2024,29.458,33.94,1000.0,143903,ICICI Pru BHARAT 22 FOF
05-08-2024,294.58,33.94,10000.0,143903,ICICI Pru BHARAT 22 FOF
04-09-2024,29.049,34.42,1000.0,143903,ICICI Pru BHARAT 22 FOF
04-09-2024,290.486,34.42,10000.0,143903,ICICI Pru BHARAT 22 FOF
04-10-2024,29.201,34.24,1000.0,143903,ICICI Pru BHARAT 22 FOF
04-10-2024,292.007,34.24,10000.0,143903,ICICI Pru BHARAT 22 FOF
04-11-2024,30.34,32.96,1000.0,143903,ICICI Pru BHARAT 22 FOF
04-11-2024,303.4,32.96,10000.0,143903,ICICI Pru BHARAT 22 FOF
04-12-2024,59.781,33.45,2000.0,143903,ICICI Pru BHARAT 22 FOF
04-12-2024,298.904,33.45,10000.0,143903,ICICI Pru BHARAT 22 FOF
06-01-2025,386.366,31.06,12000.0,143903,ICICI Pru BHARAT 22 FOF
30-01-2025,401.125,29.91,12000.0,143903,ICICI Pru BHARAT 22 FOF
03-03-2025,430.02,27.9,12000.0,143903,ICICI Pru BHARAT 22 FOF
02-04-2025,394.037,30.45,12000.0,143903,ICICI Pru BHARAT 22 FOF
02-05-2025,387.171,30.99,12000.0,143903,ICICI Pru BHARAT 22 FOF
02-06-2025,373.729,32.11,12000.0,143903,ICICI Pru BHARAT 22 FOF
21-07-2025,375.084,31.99,12000.0,143903,ICICI Pru BHARAT 22 FOF
01-08-2025,320.802,31.17,10000.0,143903,ICICI Pru BHARAT 22 FOF
15-09-2022,313.668,63.76,20000.0,120834,quant Focused Fund
03-11-2022,16.165,61.86,1000.0,120834,quant Focused Fund
05-01-2023,16.027,62.39,1000.0,120834,quant Focused Fund
06-02-2023,42.165,59.29,2500.0,120834,quant Focused Fund
06-03-2023,41.855,59.73,2500.0,120834,quant Focused Fund
06-04-2023,42.289,59.11,2500.0,120834,quant Focused Fund
08-05-2023,40.714,61.4,2500.0,120834,quant Focused Fund
06-06-2023,40.399,61.88,2500.0,120834,quant Focused Fund
06-07-2023,37.349,66.93,2500.0,120834,quant Focused Fund
07-08-2023,35.864,69.7,2500.0,120834,quant Focused Fund
06-09-2023,35.077,71.27,2500.0,120834,quant Focused Fund
09-10-2023,36.237,68.99,2500.0,120834,quant Focused Fund
07-11-2023,35.325,70.77,2500.0,120834,quant Focused Fund
06-12-2023,31.883,78.41,2500.0,120834,quant Focused Fund
08-01-2024,30.239,82.67,2500.0,120834,quant Focused Fund
07-02-2024,56.004,89.27,5000.0,120834,quant Focused Fund
07-10-2024,99.592,100.4,10000.0,120834,quant Focused Fund
28-10-2024,155.392,96.53,15000.0,120834,quant Focused Fund
04-12-2024,103.178,96.91,10000.0,120834,quant Focused Fund
06-01-2025,107.64,92.9,10000.0,120834,quant Focused Fund
30-01-2025,110.924,90.15,10000.0,120834,quant Focused Fund
03-03-2025,121.082,82.58,10000.0,120834,quant Focused Fund
02-04-2025,113.787,87.88,10000.0,120834,quant Focused Fund
02-05-2025,111.644,89.57,10000.0,120834,quant Focused Fund
02-06-2025,107.072,93.39,10000.0,120834,quant Focused Fund
18-07-2025,104.554,95.64,10000.0,120834,quant Focused Fund
01-08-2025,108.255,92.37,10000.0,120834,quant Focused Fund
10-05-2021,2499.875,10.0,25000.0,148928,Mirae Asset FANG+
18-05-2021,990.148,10.1,10000.0,148928,Mirae Asset FANG+
24-05-2021,2476.84,10.09,25000.0,148928,Mirae Asset FANG+
15-06-2021,927.081,10.79,10000.0,148928,Mirae Asset FANG+
01-07-2021,2576.748,11.64,30000.0,148928,Mirae Asset FANG+
16-07-2021,861.952,11.6,10000.0,148928,Mirae Asset FANG+
29-07-2021,871.037,11.48,10000.0,148928,Mirae Asset FANG+
17-08-2021,896.253,11.16,10000.0,148928,Mirae Asset FANG+
20-08-2021,920.595,10.86,10000.0,148928,Mirae Asset FANG+
16-09-2021,867.184,11.53,10000.0,148928,Mirae Asset FANG+
18-01-2022,874.235,11.44,10000.0,148928,Mirae Asset FANG+
17-10-2022,1272.201,7.86,10000.0,148928,Mirae Asset FANG+
18-04-2023,954.606,10.48,10000.0,148928,Mirae Asset FANG+
16-05-2023,901.831,11.09,10000.0,148928,Mirae Asset FANG+
16-06-2023,728.296,13.73,10000.0,148928,Mirae Asset FANG+
18-07-2023,716.091,13.96,10000.0,148928,Mirae Asset FANG+
17-08-2023,759.956,13.16,10000.0,148928,Mirae Asset FANG+
15-09-2023,727.607,13.74,10000.0,148928,Mirae Asset FANG+
17-10-2023,742.684,13.46,10000.0,148928,Mirae Asset FANG+
15-11-2023,702.311,14.24,10000.0,148928,Mirae Asset FANG+
15-12-2023,660.731,15.13,10000.0,148928,Mirae Asset FANG+
15-01-2024,654.289,15.28,10000.0,148928,Mirae Asset FANG+
15-02-2024,578.407,17.29,10000.0,148928,Mirae Asset FANG+
18-03-2024,566.865,17.64,10000.0,148928,Mirae Asset FANG+
16-04-2024,494.046,20.24,10000.0,148928,Mirae Asset FANG+
15-05-2024,493.876,20.25,10000.0,148928,Mirae Asset FANG+
19-06-2024,493.851,20.25,10000.0,148928,Mirae Asset FANG+
15-07-2024,465.007,21.5,10000.0,148928,Mirae Asset FANG+
16-08-2024,493.267,20.27,10000.0,148928,Mirae Asset FANG+
16-09-2024,497.958,20.08,10000.0,148928,Mirae Asset FANG+
15-10-2024,483.979,20.66,10000.0,148928,Mirae Asset FANG+
19-11-2024,433.761,23.05,10000.0,148928,Mirae Asset FANG+
16-12-2024,351.625,28.44,10000.0,148928,Mirae Asset FANG+
15-01-2025,356.108,28.08,10000.0,148928,Mirae Asset FANG+
17-02-2025,325.865,30.69,10000.0,148928,Mirae Asset FANG+
17-03-2025,408.26,24.49,10000.0,148928,Mirae Asset FANG+
15-05-2025,346.075,28.89,10000.0,148928,Mirae Asset FANG+
16-06-2025,349.071,28.65,10000.0,148928,Mirae Asset FANG+
15-07-2025,313.16,31.93,10000.0,148928,Mirae Asset FANG+
18-08-2025,295.031,33.89,10000.0,148928,Mirae Asset FANG+
15-09-2025,282.935,35.34,10000.0,148928,Mirae Asset FANG+
15-10-2025,277.332,36.06,10000.0,148928,Mirae Asset FANG+
18-11-2025,275.073,36.35,10000.0,148928,Mirae Asset FANG+
15-12-2025,267.063,37.441,10000.0,148928,Mirae Asset FANG+
08-06-2022,68.354,146.29,10000.0,120594,ICICI Pru Technology Fund
14-06-2022,71.354,140.14,10000.0,120594,ICICI Pru Technology Fund
07-07-2022,70.568,141.7,10000.0,120594,ICICI Pru Technology Fund
18-07-2022,36.104,138.48,5000.0,120594,ICICI Pru Technology Fund
08-08-2022,66.985,149.28,10000.0,120594,ICICI Pru Technology Fund
07-09-2022,70.271,142.3,10000.0,120594,ICICI Pru Technology Fund
03-11-2022,68.279,146.45,10000.0,120594,ICICI Pru Technology Fund
12-12-2022,67.337,148.5,10000.0,120594,ICICI Pru Technology Fund
05-01-2023,69.129,144.65,10000.0,120594,ICICI Pru Technology Fund
06-02-2023,65.721,152.15,10000.0,120594,ICICI Pru Technology Fund
06-03-2023,66.851,149.58,10000.0,120594,ICICI Pru Technology Fund
06-04-2023,69.086,144.74,10000.0,120594,ICICI Pru Technology Fund
18-04-2023,108.824,137.83,15000.0,120594,ICICI Pru Technology Fund
08-05-2023,70.583,141.67,10000.0,120594,ICICI Pru Technology Fund
06-06-2023,67.848,147.38,10000.0,120594,ICICI Pru Technology Fund
06-07-2023,65.063,153.69,10000.0,120594,ICICI Pru Technology Fund
07-08-2023,62.217,160.72,10000.0,120594,ICICI Pru Technology Fund
06-09-2023,59.337,168.52,10000.0,120594,ICICI Pru Technology Fund
09-10-2023,59.327,168.55,10000.0,120594,ICICI Pru Technology Fund
07-11-2023,60.383,165.6,10000.0,120594,ICICI Pru Technology Fund
06-12-2023,56.796,176.06,10000.0,120594,ICICI Pru Technology Fund
08-01-2024,54.357,183.96,10000.0,120594,ICICI Pru Technology Fund
07-02-2024,75.184,199.5,15000.0,120594,ICICI Pru Technology Fund
18-10-2024,4.254,235.06,1000.0,120594,ICICI Pru Technology Fund
21-10-2024,17.233,232.1,4000.0,120594,ICICI Pru Technology Fund
25-02-2025,250.6573489,39.8951,10000.0,148490,SBI Magnum Children's Benefit Fund
01-04-2025,245.3722788,40.7544,10000.0,148490,SBI Magnum Children's Benefit Fund
21-04-2025,235.2288071,42.5118,10000.0,148490,SBI Magnum Children's Benefit Fund
28-04-2025,237.7052882,42.0689,10000.0,148490,SBI Magnum Children's Benefit Fund
02-05-2025,241.6357776,41.3846,10000.0,148490,SBI Magnum Children's Benefit Fund
06-05-2025,242.7844463,41.1888,10000.0,148490,SBI Magnum Children's Benefit Fund
02-06-2025,233.4648519,42.833,10000.0,148490,SBI Magnum Children's Benefit Fund
04-06-2025,232.2071288,43.065,10000.0,148490,SBI Magnum Children's Benefit Fund
09-07-2025,219.3439423,45.5905,10000.0,148490,SBI Magnum Children's Benefit Fund
10-07-2025,219.4517656,45.5681,10000.0,148490,SBI Magnum Children's Benefit Fund
11-08-2025,224.7756739,44.4888,10000.0,148490,SBI Magnum Children's Benefit Fund
13-08-2025,224.052984,44.6323,10000.0,148490,SBI Magnum Children's Benefit Fund
01-12-2025,203.6000562,49.1159,10000.0,148490,SBI Magnum Children's Benefit Fund
11-12-2025,207.73,48.1371,10000.0,148490,SBI Magnum Children's Benefit Fund
